slug	label	cod_dane	marino	fecha_corte
leticia	Leticia	91001	FALSE	2021-12-31
el-encanto	El Encanto	91263	FALSE	2021-12-31
la-chorrera	La Chorrera	91405	FALSE	2021-12-31
la-pedrera	La Pedrera	91407	FALSE	2021-12-31
la-victoria-ama	La Victoria	91430	FALSE	2021-12-31
miriti-parana	Mirití - Paraná	91460	FALSE	2021-12-31
puerto-alegria	Puerto Alegría	91530	FALSE	2021-12-31
puerto-arica	Puerto Arica	91536	FALSE	2021-12-31
puerto-narino	Puerto Nariño	91540	FALSE	2021-12-31
puerto-santander-ama	Puerto Santander	91669	FALSE	2021-12-31
tarapaca	Tarapacá	9179	FALSE	2021-12-31
medellin	Medellín	05001	FALSE	2021-12-31
abejorral	Abejorral	05002	FALSE	2021-12-31
abriaqui	Abriaquí	05004	FALSE	2021-12-31
alejandria	Alejandría	05021	FALSE	2021-12-31
amaga	Amagá	05030	FALSE	2021-12-31
amalfi	Amalfi	05031	FALSE	2021-12-31
andes	Andes	05034	FALSE	2021-12-31
angelopolis	Angelópolis	05036	FALSE	2021-12-31
angostura	Angostura	05038	FALSE	2021-12-31
anori	Anorí	05040	FALSE	2021-12-31
santa-fe-de-antioquia	Santa Fé de Antioquia	05042	FALSE	2021-12-31
anza	Anzá	05044	FALSE	2021-12-31
apartado	Apartadó	05045	FALSE	2021-12-31
arboletes	Arboletes	05051	TRUE	2021-12-31
argelia-ant	Argelia	05055	FALSE	2021-12-31
armenia-ant	Armenia	05059	FALSE	2021-12-31
barbosa-ant	Barbosa	05079	FALSE	2021-12-31
belmira	Belmira	05086	FALSE	2021-12-31
bello	Bello	05088	FALSE	2021-12-31
betania	Betania	05091	FALSE	2021-12-31
betulia-ant	Betulia	05093	FALSE	2021-12-31
ciudad-bolivar	Ciudad Bolívar	05101	FALSE	2021-12-31
briceno-ant	Briceño	05107	FALSE	2021-12-31
buritica	Buriticá	05113	FALSE	2021-12-31
caceres	Cáceres	05120	FALSE	2021-12-31
caicedo	Caicedo	05125	FALSE	2021-12-31
caldas-ant	Caldas	05129	FALSE	2021-12-31
campamento	Campamento	05134	FALSE	2021-12-31
canasgordas	Cañasgordas	05138	FALSE	2021-12-31
caracoli	Caracolí	05142	FALSE	2021-12-31
caramanta	Caramanta	05145	FALSE	2021-12-31
carepa	Carepa	05147	FALSE	2021-12-31
el-carmen-de-viboral	El Carmen de Viboral	05148	FALSE	2021-12-31
carolina	Carolina	05150	FALSE	2021-12-31
caucasia	Caucasia	05154	FALSE	2021-12-31
chigorodo	Chigorodó	05172	FALSE	2021-12-31
cisneros	Cisneros	05190	FALSE	2021-12-31
cocorna	Cocorná	05197	FALSE	2021-12-31
concepcion-ant	Concepción	05206	FALSE	2021-12-31
concordia-ant	Concordia	05209	FALSE	2021-12-31
copacabana	Copacabana	05212	FALSE	2021-12-31
dabeiba	Dabeiba	05234	FALSE	2021-12-31
donmatias	Donmatías	05237	FALSE	2021-12-31
ebejico	Ebéjico	05240	FALSE	2021-12-31
el-bagre	El Bagre	05250	FALSE	2021-12-31
entrerrios	Entrerríos	05264	FALSE	2021-12-31
envigado	Envigado	05266	FALSE	2021-12-31
fredonia	Fredonia	05282	FALSE	2021-12-31
frontino	Frontino	05284	FALSE	2021-12-31
giraldo	Giraldo	05306	FALSE	2021-12-31
girardota	Girardota	05308	FALSE	2021-12-31
gomez-plata	Gómez Plata	05310	FALSE	2021-12-31
granada-ant	Granada	05313	FALSE	2021-12-31
guadalupe-ant	Guadalupe	05315	FALSE	2021-12-31
guarne	Guarne	05318	FALSE	2021-12-31
guatape	Guatapé	05321	FALSE	2021-12-31
heliconia	Heliconia	05347	FALSE	2021-12-31
hispania	Hispania	05353	FALSE	2021-12-31
itagui	Itagüí	05360	FALSE	2021-12-31
ituango	Ituango	05361	FALSE	2021-12-31
jardin	Jardín	05364	FALSE	2021-12-31
jerico-ant	Jericó	05368	FALSE	2021-12-31
la-ceja	La Ceja	05376	FALSE	2021-12-31
la-estrella	La Estrella	05380	FALSE	2021-12-31
la-pintada	La Pintada	05390	FALSE	2021-12-31
la-union-ant	La Unión	05400	FALSE	2021-12-31
liborina	Liborina	05411	FALSE	2021-12-31
maceo	Maceo	05425	FALSE	2021-12-31
marinilla	Marinilla	05440	FALSE	2021-12-31
montebello	Montebello	05467	FALSE	2021-12-31
murindo	Murindó	05475	FALSE	2021-12-31
mutata	Mutatá	05480	FALSE	2021-12-31
narino-ant	Nariño	05483	FALSE	2021-12-31
necocli	Necoclí	05490	TRUE	2021-12-31
nechi	Nechí	05495	FALSE	2021-12-31
olaya	Olaya	05501	FALSE	2021-12-31
penol	Peñol	05541	FALSE	2021-12-31
peque	Peque	05543	FALSE	2021-12-31
pueblorrico	Pueblorrico	05576	FALSE	2021-12-31
puerto-berrio	Puerto Berrío	05579	FALSE	2021-12-31
puerto-nare	Puerto Nare	05585	FALSE	2021-12-31
puerto-triunfo	Puerto Triunfo	05591	FALSE	2021-12-31
remedios	Remedios	05604	FALSE	2021-12-31
retiro	Retiro	05607	FALSE	2021-12-31
rionegro-ant	Rionegro	05615	FALSE	2021-12-31
sabanalarga-ant	Sabanalarga	05628	FALSE	2021-12-31
sabaneta	Sabaneta	05631	FALSE	2021-12-31
salgar	Salgar	05642	FALSE	2021-12-31
san-andres-de-cuerquia	San Andrés de Cuerquía	05647	FALSE	2021-12-31
san-carlos-ant	San Carlos	05649	FALSE	2021-12-31
san-francisco-ant	San Francisco	05652	FALSE	2021-12-31
san-jeronimo	San Jerónimo	05656	FALSE	2021-12-31
san-jose-de-la-montana	San José de la Montaña	05658	FALSE	2021-12-31
san-juan-de-uraba	San Juan de Urabá	05659	TRUE	2021-12-31
san-luis-ant	San Luis	05660	FALSE	2021-12-31
san-pedro-de-los-milagros	San Pedro de los Milagros	05664	FALSE	2021-12-31
san-pedro-de-uraba	San Pedro de Urabá	05665	FALSE	2021-12-31
san-rafael	San Rafael	05667	FALSE	2021-12-31
san-roque	San Roque	05670	FALSE	2021-12-31
san-vicente-ferrer	San Vicente Ferrer	05674	FALSE	2021-12-31
santa-barbara-ant	Santa Bárbara	05679	FALSE	2021-12-31
santa-rosa-de-osos	Santa Rosa de Osos	05686	FALSE	2021-12-31
santo-domingo	Santo Domingo	05690	FALSE	2021-12-31
el-santuario	El Santuario	05697	FALSE	2021-12-31
segovia	Segovia	05736	FALSE	2021-12-31
sonson	Sonsón	05756	FALSE	2021-12-31
sopetran	Sopetrán	05761	FALSE	2021-12-31
tamesis	Támesis	05789	FALSE	2021-12-31
taraza	Tarazá	05790	FALSE	2021-12-31
tarso	Tarso	05792	FALSE	2021-12-31
titiribi	Titiribí	05809	FALSE	2021-12-31
toledo-ant	Toledo	05819	FALSE	2021-12-31
turbo	Turbo	05837	TRUE	2021-12-31
uramita	Uramita	05842	FALSE	2021-12-31
urrao	Urrao	05847	FALSE	2021-12-31
valdivia	Valdivia	05854	FALSE	2021-12-31
valparaiso-ant	Valparaíso	05856	FALSE	2021-12-31
vegachi	Vegachí	05858	FALSE	2021-12-31
venecia-ant	Venecia	05861	FALSE	2021-12-31
vigia-del-fuerte	Vigía del Fuerte	05873	FALSE	2021-12-31
yali	Yalí	05885	FALSE	2021-12-31
yarumal	Yarumal	05887	FALSE	2021-12-31
yolombo	Yolombó	05890	FALSE	2021-12-31
yondo	Yondó	05893	FALSE	2021-12-31
zaragoza	Zaragoza	05895	FALSE	2021-12-31
arauca	Arauca	81001	FALSE	2021-12-31
arauquita	Arauquita	81065	FALSE	2021-12-31
cravo-norte	Cravo Norte	81220	FALSE	2021-12-31
fortul	Fortul	81300	FALSE	2021-12-31
puerto-rondon	Puerto Rondón	81591	FALSE	2021-12-31
saravena	Saravena	81736	FALSE	2021-12-31
tame	Tame	81794	FALSE	2021-12-31
san-andres-sap	San Andrés	88001	TRUE	2021-12-31
providencia-sap	Providencia	88564	TRUE	2021-12-31
barranquilla	Barranquilla	08001	TRUE	2021-12-31
baranoa	Baranoa	08078	FALSE	2021-12-31
campo-de-la-cruz	Campo de la Cruz	08137	FALSE	2021-12-31
candelaria-atl	Candelaria	08141	FALSE	2021-12-31
galapa	Galapa	08296	FALSE	2021-12-31
juan-de-acosta	Juan de Acosta	08372	TRUE	2021-12-31
luruaco	Luruaco	08421	FALSE	2021-12-31
malambo	Malambo	08433	FALSE	2021-12-31
manati	Manatí	08436	FALSE	2021-12-31
palmar-de-varela	Palmar de Varela	08520	FALSE	2021-12-31
piojo	Piojó	08549	TRUE	2021-12-31
polonuevo	Polonuevo	08558	FALSE	2021-12-31
ponedera	Ponedera	08560	FALSE	2021-12-31
puerto-colombia	Puerto Colombia	08573	TRUE	2021-12-31
repelon	Repelón	08606	FALSE	2021-12-31
sabanagrande	Sabanagrande	08634	FALSE	2021-12-31
santa-lucia	Santa Lucía	08675	FALSE	2021-12-31
santo-tomas	Santo Tomás	08685	FALSE	2021-12-31
soledad	Soledad	08758	FALSE	2021-12-31
suan	Suan	08770	FALSE	2021-12-31
tubara	Tubará	08832	TRUE	2021-12-31
usiacuri	Usiacurí	08849	FALSE	2021-12-31
achi	Achí	13006	FALSE	2021-12-31
altos-del-rosario	Altos del Rosario	13030	FALSE	2021-12-31
arenal	Arenal	13042	FALSE	2021-12-31
arjona	Arjona	13052	FALSE	2021-12-31
arroyohondo	Arroyohondo	13062	FALSE	2021-12-31
barranco-de-loba	Barranco de Loba	13074	FALSE	2021-12-31
calamar-bol	Calamar	13140	FALSE	2021-12-31
cantagallo	Cantagallo	13160	FALSE	2021-12-31
cartagena-de-indias	Cartagena de Indias	13001	TRUE	2021-12-31
cicuco	Cicuco	13188	FALSE	2021-12-31
clemencia	Clemencia	13222	FALSE	2021-12-31
cordoba-bol	Córdoba	13212	FALSE	2021-12-31
el-carmen-de-bolivar	El Carmen de Bolívar	13244	FALSE	2021-12-31
el-guamo	El Guamo	13248	FALSE	2021-12-31
el-penon-bol	El Peñón	13268	FALSE	2021-12-31
hatillo-de-loba	Hatillo de Loba	13300	FALSE	2021-12-31
magangue	Magangué	13430	FALSE	2021-12-31
mahates	Mahates	13433	FALSE	2021-12-31
margarita	Margarita	13440	FALSE	2021-12-31
maria-la-baja	María la Baja	13442	FALSE	2021-12-31
montecristo	Montecristo	13458	FALSE	2021-12-31
morales-bol	Morales	13473	FALSE	2021-12-31
norosi	Norosí	13490	FALSE	2021-12-31
pinillos	Pinillos	13549	FALSE	2021-12-31
regidor	Regidor	13580	FALSE	2021-12-31
rio-viejo	Río Viejo	13600	FALSE	2021-12-31
san-cristobal	San Cristóbal	13620	FALSE	2021-12-31
san-estanislao	San Estanislao	13647	FALSE	2021-12-31
san-fernando	San Fernando	13650	FALSE	2021-12-31
san-jacinto	San Jacinto	13654	FALSE	2021-12-31
san-jacinto-del-cauca	San Jacinto del Cauca	13655	FALSE	2021-12-31
san-juan-nepomuceno	San Juan Nepomuceno	13657	FALSE	2021-12-31
san-martin-de-loba	San Martín de Loba	13667	FALSE	2021-12-31
san-pablo-bol	San Pablo	13670	FALSE	2021-12-31
santa-catalina	Santa Catalina	13673	FALSE	2021-12-31
santa-cruz-de-mompox	Santa Cruz de Mompox	13468	FALSE	2021-12-31
santa-rosa-bol	Santa Rosa	13683	FALSE	2021-12-31
santa-rosa-del-sur	Santa Rosa del Sur	13688	FALSE	2021-12-31
simiti	Simití	13744	FALSE	2021-12-31
soplaviento	Soplaviento	13760	FALSE	2021-12-31
talaigua-nuevo	Talaigua Nuevo	13780	FALSE	2021-12-31
tiquisio	Tiquisio	13810	FALSE	2021-12-31
turbaco	Turbaco	13836	FALSE	2021-12-31
turbana	Turbaná	13838	FALSE	2021-12-31
villanueva-bol	Villanueva	13873	FALSE	2021-12-31
zambrano	Zambrano	13894	FALSE	2021-12-31
tunja	Tunja	15001	FALSE	2021-12-31
almeida	Almeida	15022	FALSE	2021-12-31
aquitania	Aquitania	15047	FALSE	2021-12-31
arcabuco	Arcabuco	15051	FALSE	2021-12-31
belen-boy	Belén	15087	FALSE	2021-12-31
berbeo	Berbeo	15090	FALSE	2021-12-31
beteitiva	Betéitiva	15092	FALSE	2021-12-31
boavita	Boavita	15097	FALSE	2021-12-31
boyaca-boy	Boyacá	15104	FALSE	2021-12-31
briceno-boy	Briceño	15106	FALSE	2021-12-31
buenavista-boy	Buenavista	15109	FALSE	2021-12-31
busbanza	Busbanzá	15114	FALSE	2021-12-31
caldas-boy	Caldas	15131	FALSE	2021-12-31
campohermoso	Campohermoso	15135	FALSE	2021-12-31
cerinza	Cerinza	15162	FALSE	2021-12-31
chinavita	Chinavita	15172	FALSE	2021-12-31
chiquinquira	Chiquinquirá	15176	FALSE	2021-12-31
chiscas	Chiscas	15180	FALSE	2021-12-31
chita	Chita	15183	FALSE	2021-12-31
chitaraque	Chitaraque	15185	FALSE	2021-12-31
chivata	Chivatá	15187	FALSE	2021-12-31
cienega	Ciénega	15189	FALSE	2021-12-31
combita	Cómbita	15204	FALSE	2021-12-31
coper	Coper	15212	FALSE	2021-12-31
corrales	Corrales	15215	FALSE	2021-12-31
covarachia	Covarachía	15218	FALSE	2021-12-31
cubara	Cubará	15223	FALSE	2021-12-31
cucaita	Cucaita	15224	FALSE	2021-12-31
cuitiva	Cuítiva	15226	FALSE	2021-12-31
chiquiza	Chíquiza	15232	FALSE	2021-12-31
chivor	Chivor	15236	FALSE	2021-12-31
duitama	Duitama	15238	FALSE	2021-12-31
el-cocuy	El Cocuy	15244	FALSE	2021-12-31
el-espino	El Espino	15248	FALSE	2021-12-31
firavitoba	Firavitoba	15272	FALSE	2021-12-31
floresta	Floresta	15276	FALSE	2021-12-31
gachantiva	Gachantivá	15293	FALSE	2021-12-31
gameza	Gámeza	15296	FALSE	2021-12-31
garagoa	Garagoa	15299	FALSE	2021-12-31
guacamayas	Guacamayas	15317	FALSE	2021-12-31
guateque	Guateque	15322	FALSE	2021-12-31
guayata	Guayatá	15325	FALSE	2021-12-31
guican-de-la-sierra	Güicán de la Sierra	15332	FALSE	2021-12-31
iza	Iza	15362	FALSE	2021-12-31
jenesano	Jenesano	15367	FALSE	2021-12-31
jerico-boy	Jericó	15368	FALSE	2021-12-31
labranzagrande	Labranzagrande	15377	FALSE	2021-12-31
la-capilla	La Capilla	15380	FALSE	2021-12-31
la-victoria-boy	La Victoria	15401	FALSE	2021-12-31
la-uvita	La Uvita	15403	FALSE	2021-12-31
villa-de-leyva	Villa de Leyva	15407	FALSE	2021-12-31
macanal	Macanal	15425	FALSE	2021-12-31
maripi	Maripí	15442	FALSE	2021-12-31
miraflores-boy	Miraflores	15455	FALSE	2021-12-31
mongua	Mongua	15464	FALSE	2021-12-31
mongui	Monguí	15466	FALSE	2021-12-31
moniquira	Moniquirá	15469	FALSE	2021-12-31
motavita	Motavita	15476	FALSE	2021-12-31
muzo	Muzo	15480	FALSE	2021-12-31
nobsa	Nobsa	15491	FALSE	2021-12-31
nuevo-colon	Nuevo Colón	15494	FALSE	2021-12-31
oicata	Oicatá	15500	FALSE	2021-12-31
otanche	Otanche	15507	FALSE	2021-12-31
pachavita	Pachavita	15511	FALSE	2021-12-31
paez-boy	Páez	15514	FALSE	2021-12-31
paipa	Paipa	15516	FALSE	2021-12-31
pajarito	Pajarito	15518	FALSE	2021-12-31
panqueba	Panqueba	15522	FALSE	2021-12-31
pauna	Pauna	15531	FALSE	2021-12-31
paya	Paya	15533	FALSE	2021-12-31
paz-de-rio	Paz de Río	15537	FALSE	2021-12-31
pesca	Pesca	15542	FALSE	2021-12-31
pisba	Pisba	15550	FALSE	2021-12-31
puerto-boyaca	Puerto Boyacá	15572	FALSE	2021-12-31
quipama	Quípama	15580	FALSE	2021-12-31
ramiriqui	Ramiriquí	15599	FALSE	2021-12-31
raquira	Ráquira	15600	FALSE	2021-12-31
rondon	Rondón	15621	FALSE	2021-12-31
saboya	Saboyá	15632	FALSE	2021-12-31
sachica	Sáchica	15638	FALSE	2021-12-31
samaca	Samacá	15646	FALSE	2021-12-31
san-eduardo	San Eduardo	15660	FALSE	2021-12-31
san-jose-de-pare	San José de Pare	15664	FALSE	2021-12-31
san-luis-de-gaceno	San Luis de Gaceno	15667	FALSE	2021-12-31
san-mateo	San Mateo	15673	FALSE	2021-12-31
san-miguel-de-sema	San Miguel de Sema	15676	FALSE	2021-12-31
san-pablo-de-borbur	San Pablo de Borbur	15681	FALSE	2021-12-31
santana	Santana	15686	FALSE	2021-12-31
santa-maria-boy	Santa María	15690	FALSE	2021-12-31
santa-rosa-de-viterbo	Santa Rosa de Viterbo	15693	FALSE	2021-12-31
santa-sofia	Santa Sofía	15696	FALSE	2021-12-31
sativanorte	Sativanorte	15720	FALSE	2021-12-31
sativasur	Sativasur	15723	FALSE	2021-12-31
siachoque	Siachoque	15740	FALSE	2021-12-31
soata	Soatá	15753	FALSE	2021-12-31
socota	Socotá	15755	FALSE	2021-12-31
socha	Socha	15757	FALSE	2021-12-31
sogamoso	Sogamoso	15759	FALSE	2021-12-31
somondoco	Somondoco	15761	FALSE	2021-12-31
sora	Sora	15762	FALSE	2021-12-31
sotaquira	Sotaquirá	15763	FALSE	2021-12-31
soraca	Soracá	15764	FALSE	2021-12-31
susacon	Susacón	15774	FALSE	2021-12-31
sutamarchan	Sutamarchán	15776	FALSE	2021-12-31
sutatenza	Sutatenza	15778	FALSE	2021-12-31
tasco	Tasco	15790	FALSE	2021-12-31
tenza	Tenza	15798	FALSE	2021-12-31
tibana	Tibaná	15804	FALSE	2021-12-31
tibasosa	Tibasosa	15806	FALSE	2021-12-31
tinjaca	Tinjacá	15808	FALSE	2021-12-31
tipacoque	Tipacoque	15810	FALSE	2021-12-31
toca	Toca	15814	FALSE	2021-12-31
togui	Togüí	15816	FALSE	2021-12-31
topaga	Tópaga	15820	FALSE	2021-12-31
tota	Tota	15822	FALSE	2021-12-31
tunungua	Tununguá	15832	FALSE	2021-12-31
turmeque	Turmequé	15835	FALSE	2021-12-31
tuta	Tuta	15837	FALSE	2021-12-31
tutaza	Tutazá	15839	FALSE	2021-12-31
umbita	Úmbita	15842	FALSE	2021-12-31
ventaquemada	Ventaquemada	15861	FALSE	2021-12-31
viracacha	Viracachá	15879	FALSE	2021-12-31
zetaquira	Zetaquira	15897	FALSE	2021-12-31
manizales	Manizales	17001	FALSE	2021-12-31
aguadas	Aguadas	17013	FALSE	2021-12-31
anserma	Anserma	17042	FALSE	2021-12-31
aranzazu	Aranzazu	17050	FALSE	2021-12-31
belalcazar	Belalcázar	17088	FALSE	2021-12-31
chinchina	Chinchiná	17174	FALSE	2021-12-31
filadelfia	Filadelfia	17272	FALSE	2021-12-31
la-dorada	La Dorada	17380	FALSE	2021-12-31
la-merced	La Merced	17388	FALSE	2021-12-31
manzanares	Manzanares	17433	FALSE	2021-12-31
marmato	Marmato	17442	FALSE	2021-12-31
marquetalia	Marquetalia	17444	FALSE	2021-12-31
marulanda	Marulanda	17446	FALSE	2021-12-31
neira	Neira	17486	FALSE	2021-12-31
norcasia	Norcasia	17495	FALSE	2021-12-31
pacora	Pácora	17513	FALSE	2021-12-31
palestina-cal	Palestina	17524	FALSE	2021-12-31
pensilvania	Pensilvania	17541	FALSE	2021-12-31
riosucio-cal	Riosucio	17614	FALSE	2021-12-31
risaralda	Risaralda	17616	FALSE	2021-12-31
salamina-cal	Salamina	17653	FALSE	2021-12-31
samana	Samaná	17662	FALSE	2021-12-31
san-jose	San José	17665	FALSE	2021-12-31
supia	Supía	17777	FALSE	2021-12-31
victoria	Victoria	17867	FALSE	2021-12-31
villamaria	Villamaría	17873	FALSE	2021-12-31
viterbo	Viterbo	17877	FALSE	2021-12-31
florencia-caq	Florencia	18001	FALSE	2021-12-31
albania-caq	Albania	18029	FALSE	2021-12-31
belen-de-los-andaquies	Belén de los Andaquíes	18094	FALSE	2021-12-31
cartagena-del-chaira	Cartagena del Chairá	18150	FALSE	2021-12-31
curillo	Curillo	18205	FALSE	2021-12-31
el-doncello	El Doncello	18247	FALSE	2021-12-31
el-paujil	El Paujíl	18256	FALSE	2021-12-31
la-montanita	La Montañita	18410	FALSE	2021-12-31
milan	Milán	18460	FALSE	2021-12-31
morelia	Morelia	18479	FALSE	2021-12-31
puerto-rico-caq	Puerto Rico	18592	FALSE	2021-12-31
san-jose-del-fragua	San José del Fragua	18610	FALSE	2021-12-31
san-vicente-del-caguan	San Vicente del Caguán	18753	FALSE	2021-12-31
solano	Solano	18756	FALSE	2021-12-31
solita	Solita	18785	FALSE	2021-12-31
valparaiso-caq	Valparaíso	18860	FALSE	2021-12-31
yopal	Yopal	85001	FALSE	2021-12-31
aguazul	Aguazul	85010	FALSE	2021-12-31
chameza	Chámeza	85015	FALSE	2021-12-31
hato-corozal	Hato Corozal	85125	FALSE	2021-12-31
la-salina	La Salina	85136	FALSE	2021-12-31
mani	Maní	85139	FALSE	2021-12-31
monterrey	Monterrey	85162	FALSE	2021-12-31
nunchia	Nunchía	85225	FALSE	2021-12-31
orocue	Orocué	85230	FALSE	2021-12-31
paz-de-ariporo	Paz de Ariporo	85250	FALSE	2021-12-31
pore	Pore	85263	FALSE	2021-12-31
recetor	Recetor	85279	FALSE	2021-12-31
sabanalarga-cas	Sabanalarga	85300	FALSE	2021-12-31
sacama	Sácama	85315	FALSE	2021-12-31
san-luis-de-palenque	San Luis de Palenque	85325	FALSE	2021-12-31
tamara	Támara	85400	FALSE	2021-12-31
tauramena	Tauramena	85410	FALSE	2021-12-31
trinidad	Trinidad	85430	FALSE	2021-12-31
villanueva-cas	Villanueva	85440	FALSE	2021-12-31
popayan	Popayán	19001	FALSE	2021-12-31
almaguer	Almaguer	19022	FALSE	2021-12-31
argelia-cau	Argelia	19050	FALSE	2021-12-31
balboa-cau	Balboa	19075	FALSE	2021-12-31
bolivar-cau	Bolívar	19100	FALSE	2021-12-31
buenos-aires	Buenos Aires	19110	FALSE	2021-12-31
cajibio	Cajibío	19130	FALSE	2021-12-31
caldono	Caldono	19137	FALSE	2021-12-31
caloto	Caloto	19142	FALSE	2021-12-31
corinto	Corinto	19212	FALSE	2021-12-31
el-tambo-cau	El Tambo	19256	FALSE	2021-12-31
florencia-cau	Florencia	19290	FALSE	2021-12-31
guachene	Guachené	19300	FALSE	2021-12-31
guapi	Guapi	19318	TRUE	2021-12-31
inza	Inzá	19355	FALSE	2021-12-31
jambalo	Jambaló	19364	FALSE	2021-12-31
la-sierra	La Sierra	19392	FALSE	2021-12-31
la-vega-cau	La Vega	19397	FALSE	2021-12-31
lopez-de-micay	López de Micay	19418	TRUE	2021-12-31
mercaderes	Mercaderes	19450	FALSE	2021-12-31
miranda	Miranda	19455	FALSE	2021-12-31
morales-cau	Morales	19473	FALSE	2021-12-31
padilla	Padilla	19513	FALSE	2021-12-31
paez-cau	Páez	19517	FALSE	2021-12-31
patia	Patía	19532	FALSE	2021-12-31
piamonte	Piamonte	19533	FALSE	2021-12-31
piendamo-tunia	Piendamó - Tunía	19548	FALSE	2021-12-31
puerto-tejada	Puerto Tejada	19573	FALSE	2021-12-31
purace	Puracé	19585	FALSE	2021-12-31
rosas	Rosas	19622	FALSE	2021-12-31
san-sebastian	San Sebastián	19693	FALSE	2021-12-31
santander-de-quilichao	Santander de Quilichao	19698	FALSE	2021-12-31
santa-rosa-cau	Santa Rosa	19701	FALSE	2021-12-31
silvia	Silvia	19743	FALSE	2021-12-31
sotara-paispamba	Sotará - Paispamba	19760	FALSE	2021-12-31
suarez-cau	Suárez	19780	FALSE	2021-12-31
sucre-cau	Sucre	19785	FALSE	2021-12-31
timbio	Timbío	19807	FALSE	2021-12-31
timbiqui	Timbiquí	19809	TRUE	2021-12-31
toribio	Toribío	19821	FALSE	2021-12-31
totoro	Totoró	19824	FALSE	2021-12-31
villa-rica	Villa Rica	19845	FALSE	2021-12-31
valledupar	Valledupar	20001	FALSE	2021-12-31
aguachica	Aguachica	20011	FALSE	2021-12-31
agustin-codazzi	Agustín Codazzi	20013	FALSE	2021-12-31
astrea	Astrea	20032	FALSE	2021-12-31
becerril	Becerril	20045	FALSE	2021-12-31
bosconia	Bosconia	20060	FALSE	2021-12-31
chimichagua	Chimichagua	20175	FALSE	2021-12-31
chiriguana	Chiriguaná	20178	FALSE	2021-12-31
curumani	Curumaní	20228	FALSE	2021-12-31
el-copey	El Copey	20238	FALSE	2021-12-31
el-paso	El Paso	20250	FALSE	2021-12-31
gamarra	Gamarra	20295	FALSE	2021-12-31
gonzalez	González	20310	FALSE	2021-12-31
la-gloria	La Gloria	20383	FALSE	2021-12-31
la-jagua-de-ibirico	La Jagua de Ibirico	20400	FALSE	2021-12-31
manaure-balcon-del-cesar	Manaure Balcón del Cesar	20443	FALSE	2021-12-31
pailitas	Pailitas	20517	FALSE	2021-12-31
pelaya	Pelaya	20550	FALSE	2021-12-31
pueblo-bello	Pueblo Bello	20570	FALSE	2021-12-31
rio-de-oro	Río de Oro	20614	FALSE	2021-12-31
la-paz-ces	La Paz	20621	FALSE	2021-12-31
san-alberto	San Alberto	20710	FALSE	2021-12-31
san-diego	San Diego	20750	FALSE	2021-12-31
san-martin-ces	San Martín	20770	FALSE	2021-12-31
tamalameque	Tamalameque	20787	FALSE	2021-12-31
quibdo	Quibdó	27001	FALSE	2021-12-31
acandi	Acandí	27006	TRUE	2021-12-31
alto-baudo	Alto Baudó	27025	FALSE	2021-12-31
atrato	Atrato	27050	FALSE	2021-12-31
bagado	Bagadó	27073	FALSE	2021-12-31
bahia-solano	Bahía Solano	27075	TRUE	2021-12-31
bajo-baudo	Bajo Baudó	27077	TRUE	2021-12-31
bojaya	Bojayá	27099	FALSE	2021-12-31
el-canton-del-san-pablo	El Cantón del San Pablo	27135	FALSE	2021-12-31
carmen-del-darien	Carmen del Darién	27150	FALSE	2021-12-31
certegui	Cértegui	27160	FALSE	2021-12-31
condoto	Condoto	27205	FALSE	2021-12-31
el-carmen-de-atrato	El Carmen de Atrato	27245	FALSE	2021-12-31
el-litoral-del-san-juan	El Litoral del San Juan	27250	TRUE	2021-12-31
istmina	Istmina	27361	FALSE	2021-12-31
jurado	Juradó	27372	TRUE	2021-12-31
lloro	Lloró	27413	FALSE	2021-12-31
medio-atrato	Medio Atrato	27425	FALSE	2021-12-31
medio-baudo	Medio Baudó	27430	FALSE	2021-12-31
medio-san-juan	Medio San Juan	27450	FALSE	2021-12-31
novita	Nóvita	27491	FALSE	2021-12-31
nuqui	Nuquí	27495	TRUE	2021-12-31
rio-iro	Río Iró	27580	FALSE	2021-12-31
rio-quito	Río Quito	27600	FALSE	2021-12-31
riosucio-cho	Riosucio	27615	FALSE	2021-12-31
san-jose-del-palmar	San José del Palmar	27660	FALSE	2021-12-31
sipi	Sipí	27745	FALSE	2021-12-31
tado	Tadó	27787	FALSE	2021-12-31
unguia	Unguía	27800	TRUE	2021-12-31
union-panamericana	Unión Panamericana	27810	FALSE	2021-12-31
monteria	Montería	23001	FALSE	2021-12-31
ayapel	Ayapel	23068	FALSE	2021-12-31
buenavista-cor	Buenavista	23079	FALSE	2021-12-31
canalete	Canalete	23090	FALSE	2021-12-31
cerete	Cereté	23162	FALSE	2021-12-31
chima-cor	Chimá	23168	FALSE	2021-12-31
chinu	Chinú	23182	FALSE	2021-12-31
cienaga-de-oro	Ciénaga de Oro	23189	FALSE	2021-12-31
cotorra	Cotorra	23300	FALSE	2021-12-31
la-apartada	La Apartada	23350	FALSE	2021-12-31
lorica	Lorica	23417	FALSE	2021-12-31
los-cordobas	Los Córdobas	23419	TRUE	2021-12-31
momil	Momil	23464	FALSE	2021-12-31
montelibano	Montelíbano	23466	FALSE	2021-12-31
monitos	Moñitos	23500	TRUE	2021-12-31
planeta-rica	Planeta Rica	23555	FALSE	2021-12-31
pueblo-nuevo	Pueblo Nuevo	23570	FALSE	2021-12-31
puerto-escondido	Puerto Escondido	23574	TRUE	2021-12-31
puerto-libertador	Puerto Libertador	23580	FALSE	2021-12-31
purisima-de-la-concepcion	Purísima de la Concepción	23586	FALSE	2021-12-31
sahagun	Sahagún	23660	FALSE	2021-12-31
san-andres-de-sotavento	San Andrés de Sotavento	23670	FALSE	2021-12-31
san-antero	San Antero	23672	TRUE	2021-12-31
san-bernardo-del-viento	San Bernardo del Viento	23675	TRUE	2021-12-31
san-carlos-cor	San Carlos	23678	FALSE	2021-12-31
san-jose-de-ure	San José de Uré	23682	FALSE	2021-12-31
san-pelayo	San Pelayo	23686	FALSE	2021-12-31
tierralta	Tierralta	23807	FALSE	2021-12-31
tuchin	Tuchín	23815	FALSE	2021-12-31
valencia	Valencia	23855	FALSE	2021-12-31
agua-de-dios	Agua de Dios	25001	FALSE	2021-12-31
alban-cund	Albán	25019	FALSE	2021-12-31
anapoima	Anapoima	25035	FALSE	2021-12-31
anolaima	Anolaima	25040	FALSE	2021-12-31
arbelaez	Arbeláez	25053	FALSE	2021-12-31
beltran	Beltrán	25086	FALSE	2021-12-31
bituima	Bituima	25095	FALSE	2021-12-31
bojaca	Bojacá	25099	FALSE	2021-12-31
cabrera-cun	Cabrera	25120	FALSE	2021-12-31
cachipay	Cachipay	25123	FALSE	2021-12-31
cajica	Cajicá	25126	FALSE	2021-12-31
caparrapi	Caparrapí	25148	FALSE	2021-12-31
caqueza	Cáqueza	25151	FALSE	2021-12-31
carmen-de-carupa	Carmen de Carupa	25154	FALSE	2021-12-31
chaguani	Chaguaní	25168	FALSE	2021-12-31
chia	Chía	25175	FALSE	2021-12-31
chipaque	Chipaque	25178	FALSE	2021-12-31
choachi	Choachí	25181	FALSE	2021-12-31
choconta	Chocontá	25183	FALSE	2021-12-31
cogua	Cogua	25200	FALSE	2021-12-31
cota	Cota	25214	FALSE	2021-12-31
cucunuba	Cucunubá	25224	FALSE	2021-12-31
el-colegio	El Colegio	25245	FALSE	2021-12-31
el-penon-cun	El Peñón	25258	FALSE	2021-12-31
el-rosal	El Rosal	25260	FALSE	2021-12-31
facatativa	Facatativá	25269	FALSE	2021-12-31
fomeque	Fómeque	25279	FALSE	2021-12-31
fosca	Fosca	25281	FALSE	2021-12-31
funza	Funza	25286	FALSE	2021-12-31
fuquene	Fúquene	25288	FALSE	2021-12-31
fusagasuga	Fusagasugá	25290	FALSE	2021-12-31
gachala	Gachalá	25293	FALSE	2021-12-31
gachancipa	Gachancipá	25295	FALSE	2021-12-31
gacheta	Gachetá	25297	FALSE	2021-12-31
gama	Gama	25299	FALSE	2021-12-31
girardot	Girardot	25307	FALSE	2021-12-31
granada-cun	Granada	25312	FALSE	2021-12-31
guacheta	Guachetá	25317	FALSE	2021-12-31
guaduas	Guaduas	25320	FALSE	2021-12-31
guasca	Guasca	25322	FALSE	2021-12-31
guataqui	Guataquí	25324	FALSE	2021-12-31
guatavita	Guatavita	25326	FALSE	2021-12-31
guayabal-de-siquima	Guayabal de Síquima	25328	FALSE	2021-12-31
guayabetal	Guayabetal	25335	FALSE	2021-12-31
gutierrez	Gutiérrez	25339	FALSE	2021-12-31
jerusalen	Jerusalén	25368	FALSE	2021-12-31
junin	Junín	25372	FALSE	2021-12-31
la-calera	La Calera	25377	FALSE	2021-12-31
la-mesa	La Mesa	25386	FALSE	2021-12-31
la-palma	La Palma	25394	FALSE	2021-12-31
la-pena	La Peña	08638	FALSE	2021-12-31
la-vega-cun	La Vega	25402	FALSE	2021-12-31
lenguazaque	Lenguazaque	25407	FALSE	2021-12-31
macheta	Machetá	25426	FALSE	2021-12-31
madrid	Madrid	25430	FALSE	2021-12-31
manta	Manta	25436	FALSE	2021-12-31
medina	Medina	25438	FALSE	2021-12-31
mosquera-cun	Mosquera	25473	FALSE	2021-12-31
narino-cun	Nariño	25483	FALSE	2021-12-31
nemocon	Nemocón	25486	FALSE	2021-12-31
nilo	Nilo	25488	FALSE	2021-12-31
nimaima	Nimaima	25489	FALSE	2021-12-31
nocaima	Nocaima	25491	FALSE	2021-12-31
venecia-cun	Venecia	25506	FALSE	2021-12-31
pacho	Pacho	25513	FALSE	2021-12-31
paime	Paime	25518	FALSE	2021-12-31
pandi	Pandi	25524	FALSE	2021-12-31
paratebueno	Paratebueno	25530	FALSE	2021-12-31
pasca	Pasca	25535	FALSE	2021-12-31
puerto-salgar	Puerto Salgar	25572	FALSE	2021-12-31
puli	Pulí	25580	FALSE	2021-12-31
quebradanegra	Quebradanegra	25592	FALSE	2021-12-31
quetame	Quetame	25594	FALSE	2021-12-31
quipile	Quipile	25596	FALSE	2021-12-31
apulo	Apulo	25599	FALSE	2021-12-31
ricaurte-cun	Ricaurte	25612	FALSE	2021-12-31
san-antonio-del-tequendama	San Antonio del Tequendama	25645	FALSE	2021-12-31
san-bernardo-cun	San Bernardo	25649	FALSE	2021-12-31
san-cayetano-cun	San Cayetano	25653	FALSE	2021-12-31
san-francisco-cun	San Francisco	25658	FALSE	2021-12-31
san-juan-de-rioseco	San Juan de Rioseco	25662	FALSE	2021-12-31
sasaima	Sasaima	25718	FALSE	2021-12-31
sesquile	Sesquilé	25736	FALSE	2021-12-31
sibate	Sibaté	25740	FALSE	2021-12-31
silvania	Silvania	25743	FALSE	2021-12-31
simijaca	Simijaca	25745	FALSE	2021-12-31
soacha	Soacha	25754	FALSE	2021-12-31
sopo	Sopó	25758	FALSE	2021-12-31
subachoque	Subachoque	25769	FALSE	2021-12-31
suesca	Suesca	25772	FALSE	2021-12-31
supata	Supatá	25777	FALSE	2021-12-31
susa	Susa	25779	FALSE	2021-12-31
sutatausa	Sutatausa	25781	FALSE	2021-12-31
tabio	Tabio	25785	FALSE	2021-12-31
tausa	Tausa	25793	FALSE	2021-12-31
tena	Tena	25797	FALSE	2021-12-31
tenjo	Tenjo	25799	FALSE	2021-12-31
tibacuy	Tibacuy	25805	FALSE	2021-12-31
tibirita	Tibirita	25807	FALSE	2021-12-31
tocaima	Tocaima	25815	FALSE	2021-12-31
tocancipa	Tocancipá	25817	FALSE	2021-12-31
topaipi	Topaipí	25823	FALSE	2021-12-31
ubala	Ubalá	25839	FALSE	2021-12-31
ubaque	Ubaque	25841	FALSE	2021-12-31
villa-de-san-diego-de-ubate	Villa de San Diego de Ubaté	25843	FALSE	2021-12-31
une	Une	25845	FALSE	2021-12-31
utica	Útica	25851	FALSE	2021-12-31
vergara	Vergara	25862	FALSE	2021-12-31
viani	Vianí	25867	FALSE	2021-12-31
villagomez	Villagómez	25871	FALSE	2021-12-31
villapinzon	Villapinzón	25873	FALSE	2021-12-31
villeta	Villeta	25875	FALSE	2021-12-31
viota	Viotá	25878	FALSE	2021-12-31
yacopi	Yacopí	25885	FALSE	2021-12-31
zipacon	Zipacón	25898	FALSE	2021-12-31
zipaquira	Zipaquirá	25899	FALSE	2021-12-31
inirida	Inírida	94001	FALSE	2021-12-31
barrancominas	Barrancominas	94343	FALSE	2021-12-31
san-jose-del-guaviare	San José del Guaviare	95001	FALSE	2021-12-31
calamar-guv	Calamar	95015	FALSE	2021-12-31
el-retorno	El Retorno	95025	FALSE	2021-12-31
miraflores-guv	Miraflores	95200	FALSE	2021-12-31
neiva	Neiva	41001	FALSE	2021-12-31
acevedo	Acevedo	41006	FALSE	2021-12-31
agrado	Agrado	41013	FALSE	2021-12-31
aipe	Aipe	41016	FALSE	2021-12-31
algeciras	Algeciras	41020	FALSE	2021-12-31
altamira	Altamira	41026	FALSE	2021-12-31
baraya	Baraya	41078	FALSE	2021-12-31
campoalegre	Campoalegre	41132	FALSE	2021-12-31
colombia	Colombia	41206	FALSE	2021-12-31
elias	Elías	41244	FALSE	2021-12-31
garzon	Garzón	41298	FALSE	2021-12-31
gigante	Gigante	41306	FALSE	2021-12-31
guadalupe-hui	Guadalupe	41319	FALSE	2021-12-31
hobo	Hobo	41349	FALSE	2021-12-31
iquira	Íquira	41357	FALSE	2021-12-31
isnos	Isnos	41359	FALSE	2021-12-31
la-argentina	La Argentina	41378	FALSE	2021-12-31
la-plata	La Plata	41396	FALSE	2021-12-31
nataga	Nátaga	41483	FALSE	2021-12-31
oporapa	Oporapa	41503	FALSE	2021-12-31
paicol	Paicol	41518	FALSE	2021-12-31
palermo	Palermo	41524	FALSE	2021-12-31
palestina-hui	Palestina	41530	FALSE	2021-12-31
pital	Pital	41548	FALSE	2021-12-31
pitalito	Pitalito	41551	FALSE	2021-12-31
rivera	Rivera	41615	FALSE	2021-12-31
saladoblanco	Saladoblanco	41660	FALSE	2021-12-31
san-agustin	San Agustín	41668	FALSE	2021-12-31
santa-maria-hui	Santa María	41676	FALSE	2021-12-31
suaza	Suaza	41770	FALSE	2021-12-31
tarqui	Tarqui	41791	FALSE	2021-12-31
tesalia	Tesalia	41797	FALSE	2021-12-31
tello	Tello	41799	FALSE	2021-12-31
teruel	Teruel	41801	FALSE	2021-12-31
timana	Timaná	41807	FALSE	2021-12-31
villavieja	Villavieja	41872	FALSE	2021-12-31
yaguara	Yaguará	41885	FALSE	2021-12-31
riohacha	Riohacha	44001	TRUE	2021-12-31
albania-lag	Albania	44035	FALSE	2021-12-31
barrancas	Barrancas	44078	FALSE	2021-12-31
dibulla	Dibulla	44090	TRUE	2021-12-31
distraccion	Distracción	44098	FALSE	2021-12-31
el-molino	El Molino	44110	FALSE	2021-12-31
fonseca	Fonseca	44279	FALSE	2021-12-31
hatonuevo	Hatonuevo	44378	FALSE	2021-12-31
la-jagua-del-pilar	La Jagua del Pilar	44420	FALSE	2021-12-31
maicao	Maicao	44430	FALSE	2021-12-31
manaure	Manaure	44560	TRUE	2021-12-31
san-juan-del-cesar	San Juan del Cesar	44650	FALSE	2021-12-31
uribia	Uribia	44847	TRUE	2021-12-31
urumita	Urumita	44855	FALSE	2021-12-31
villanueva-lag	Villanueva	44874	FALSE	2021-12-31
santa-marta	Santa Marta	47001	TRUE	2021-12-31
algarrobo	Algarrobo	47030	FALSE	2021-12-31
aracataca	Aracataca	47053	FALSE	2021-12-31
ariguani	Ariguaní	47058	FALSE	2021-12-31
cerro-de-san-antonio	Cerro de San Antonio	47161	FALSE	2021-12-31
chivolo	Chivolo	47170	FALSE	2021-12-31
cienaga	Ciénaga	47189	TRUE	2021-12-31
concordia-mag	Concordia	47205	FALSE	2021-12-31
el-banco	El Banco	47245	FALSE	2021-12-31
el-pinon	El Piñón	47258	FALSE	2021-12-31
el-reten	El Retén	47268	FALSE	2021-12-31
fundacion	Fundación	47288	FALSE	2021-12-31
guamal-mag	Guamal	47318	FALSE	2021-12-31
nueva-granada	Nueva Granada	47460	FALSE	2021-12-31
pedraza	Pedraza	47541	FALSE	2021-12-31
pijino-del-carmen	Pijiño del Carmen	47545	FALSE	2021-12-31
pivijay	Pivijay	47551	FALSE	2021-12-31
plato	Plato	47555	FALSE	2021-12-31
puebloviejo	Puebloviejo	47570	TRUE	2021-12-31
remolino	Remolino	47605	FALSE	2021-12-31
sabanas-de-san-angel	Sabanas de San Ángel	47660	FALSE	2021-12-31
salamina-mag	Salamina	47675	FALSE	2021-12-31
san-sebastian-de-buenavista	San Sebastián de Buenavista	47692	FALSE	2021-12-31
san-zenon	San Zenón	47703	FALSE	2021-12-31
santa-ana	Santa Ana	47707	FALSE	2021-12-31
santa-barbara-de-pinto	Santa Bárbara de Pinto	47720	FALSE	2021-12-31
sitionuevo	Sitionuevo	47745	TRUE	2021-12-31
tenerife	Tenerife	47798	FALSE	2021-12-31
zapayan	Zapayán	47960	FALSE	2021-12-31
zona-bananera	Zona Bananera	47980	FALSE	2021-12-31
villavicencio	Villavicencio	50001	FALSE	2021-12-31
acacias	Acacías	50006	FALSE	2021-12-31
barranca-de-upia	Barranca de Upía	50110	FALSE	2021-12-31
cabuyaro	Cabuyaro	50124	FALSE	2021-12-31
castilla-la-nueva	Castilla la Nueva	50150	FALSE	2021-12-31
cubarral	Cubarral	50223	FALSE	2021-12-31
cumaral	Cumaral	50226	FALSE	2021-12-31
el-calvario	El Calvario	50245	FALSE	2021-12-31
el-castillo	El Castillo	50251	FALSE	2021-12-31
el-dorado	El Dorado	50270	FALSE	2021-12-31
fuente-de-oro	Fuente de Oro	50287	FALSE	2021-12-31
granada-met	Granada	50313	FALSE	2021-12-31
guamal-met	Guamal	50318	FALSE	2021-12-31
mapiripan	Mapiripán	50325	FALSE	2021-12-31
mesetas	Mesetas	50330	FALSE	2021-12-31
la-macarena	La Macarena	50350	FALSE	2021-12-31
uribe	Uribe	50370	FALSE	2021-12-31
lejanias	Lejanías	50400	FALSE	2021-12-31
puerto-concordia	Puerto Concordia	50450	FALSE	2021-12-31
puerto-gaitan	Puerto Gaitán	50568	FALSE	2021-12-31
puerto-lopez	Puerto López	50573	FALSE	2021-12-31
puerto-lleras	Puerto Lleras	50577	FALSE	2021-12-31
puerto-rico-met	Puerto Rico	50590	FALSE	2021-12-31
restrepo-met	Restrepo	50606	FALSE	2021-12-31
san-carlos-de-guaroa	San Carlos de Guaroa	50680	FALSE	2021-12-31
san-juan-de-arama	San Juan de Arama	50683	FALSE	2021-12-31
san-juanito	San Juanito	50686	FALSE	2021-12-31
san-martin-met	San Martín	50689	FALSE	2021-12-31
vistahermosa	Vistahermosa	50711	FALSE	2021-12-31
pasto	Pasto	52001	FALSE	2022-07-13
alban-nar	Albán	52019	FALSE	2022-07-13
aldana	Aldana	52022	FALSE	2022-07-13
ancuya	Ancuya	52036	FALSE	2022-07-13
arboleda	Arboleda	52051	FALSE	2022-07-13
barbacoas	Barbacoas	52079	FALSE	2022-07-13
belen-nar	Belén	52083	FALSE	2022-07-13
buesaco	Buesaco	52110	FALSE	2022-07-13
colon-nar	Colón	52203	FALSE	2022-07-13
consaca	Consacá	52207	FALSE	2022-07-13
contadero	Contadero	52210	FALSE	2022-07-13
cordoba-nar	Córdoba	52215	FALSE	2022-07-13
cuaspud	Cuaspud	52224	FALSE	2022-07-13
cumbal	Cumbal	52227	FALSE	2022-07-13
cumbitara	Cumbitara	52233	FALSE	2022-07-13
chachagui	Chachagüí	52240	FALSE	2022-07-13
el-charco	El Charco	52250	TRUE	2022-07-13
el-penol	El Peñol	52254	FALSE	2022-07-13
el-rosario	El Rosario	52256	FALSE	2022-07-13
el-tablon-de-gomez	El Tablón de Gómez	52258	FALSE	2022-07-13
el-tambo-nar	El Tambo	52260	FALSE	2022-07-13
funes	Funes	52287	FALSE	2022-07-13
guachucal	Guachucal	52317	FALSE	2022-07-13
guaitarilla	Guaitarilla	52320	FALSE	2022-07-13
gualmatan	Gualmatán	52323	FALSE	2022-07-13
iles	Iles	52352	FALSE	2022-07-13
imues	Imués	52354	FALSE	2022-07-13
ipiales	Ipiales	52356	FALSE	2022-07-13
la-cruz	La Cruz	52378	FALSE	2022-07-13
la-florida	La Florida	52381	FALSE	2022-07-13
la-llanada	La Llanada	52385	FALSE	2022-07-13
la-tola	La Tola	52390	TRUE	2022-07-13
la-union-nar	La Unión	52399	FALSE	2022-07-13
leiva	Leiva	52405	FALSE	2022-07-13
linares	Linares	52411	FALSE	2022-07-13
los-andes	Los Andes	52418	FALSE	2022-07-13
magui	Magüí	52427	FALSE	2022-07-13
mallama	Mallama	52435	FALSE	2022-07-13
mosquera-nar	Mosquera	52473	TRUE	2022-07-13
narino-nar	Nariño	52480	FALSE	2022-07-13
olaya-herrera	Olaya Herrera	52490	TRUE	2022-07-13
ospina	Ospina	52506	FALSE	2022-07-13
francisco-pizarro	Francisco Pizarro	52520	TRUE	2022-07-13
policarpa	Policarpa	52540	FALSE	2022-07-13
potosi	Potosí	52560	FALSE	2022-07-13
providencia-nar	Providencia	52565	FALSE	2022-07-13
puerres	Puerres	52573	FALSE	2022-07-13
pupiales	Pupiales	52585	FALSE	2022-07-13
ricaurte-nar	Ricaurte	52612	FALSE	2022-07-13
roberto-payan	Roberto Payán	52621	FALSE	2022-07-13
samaniego	Samaniego	52678	FALSE	2022-07-13
sandona	Sandoná	52683	FALSE	2022-07-13
san-bernardo-nar	San Bernardo	52685	FALSE	2022-07-13
san-lorenzo	San Lorenzo	52687	FALSE	2022-07-13
san-pablo-nar	San Pablo	52693	FALSE	2022-07-13
san-pedro-de-cartago	San Pedro de Cartago	52694	FALSE	2022-07-13
santa-barbara-nar	Santa Bárbara	52696	TRUE	2022-07-13
santacruz	Santacruz	52699	FALSE	2022-07-13
sapuyes	Sapuyes	52720	FALSE	2022-07-13
taminango	Taminango	52786	FALSE	2022-07-13
tangua	Tangua	52788	FALSE	2022-07-13
san-andres-de-tumaco	San Andrés de Tumaco	52835	TRUE	2022-07-13
tuquerres	Túquerres	52838	FALSE	2022-07-13
yacuanquer	Yacuanquer	52885	FALSE	2022-07-13
san-jose-de-cucuta	San José de Cúcuta	54001	FALSE	2021-12-31
abrego	Ábrego	54003	FALSE	2021-12-31
arboledas	Arboledas	54051	FALSE	2021-12-31
bochalema	Bochalema	54099	FALSE	2021-12-31
bucarasica	Bucarasica	54109	FALSE	2021-12-31
cacota	Cácota	54125	FALSE	2021-12-31
cachira	Cáchira	54128	FALSE	2021-12-31
chinacota	Chinácota	54172	FALSE	2021-12-31
chitaga	Chitagá	54174	FALSE	2021-12-31
convencion	Convención	54206	FALSE	2021-12-31
cucutilla	Cucutilla	54223	FALSE	2021-12-31
durania	Durania	54239	FALSE	2021-12-31
el-carmen	El Carmen	54245	FALSE	2021-12-31
el-tarra	El Tarra	54250	FALSE	2021-12-31
el-zulia	El Zulia	54261	FALSE	2021-12-31
gramalote	Gramalote	54313	FALSE	2021-12-31
hacari	Hacarí	54344	FALSE	2021-12-31
herran	Herrán	54347	FALSE	2021-12-31
labateca	Labateca	54377	FALSE	2021-12-31
la-esperanza	La Esperanza	54385	FALSE	2021-12-31
la-playa	La Playa	54398	FALSE	2021-12-31
los-patios	Los Patios	54405	FALSE	2021-12-31
lourdes	Lourdes	54418	FALSE	2021-12-31
mutiscua	Mutiscua	54480	FALSE	2021-12-31
ocana	Ocaña	54498	FALSE	2021-12-31
pamplona	Pamplona	54518	FALSE	2021-12-31
pamplonita	Pamplonita	54520	FALSE	2021-12-31
puerto-santander-nsa	Puerto Santander	54553	FALSE	2021-12-31
ragonvalia	Ragonvalia	54599	FALSE	2021-12-31
salazar	Salazar	54660	FALSE	2021-12-31
san-calixto	San Calixto	54670	FALSE	2021-12-31
san-cayetano-nsa	San Cayetano	54673	FALSE	2021-12-31
santiago-nsa	Santiago	54680	FALSE	2021-12-31
sardinata	Sardinata	54720	FALSE	2021-12-31
silos	Silos	54743	FALSE	2021-12-31
teorama	Teorama	54800	FALSE	2021-12-31
tibu	Tibú	54810	FALSE	2021-12-31
toledo-nsa	Toledo	54820	FALSE	2021-12-31
villa-caro	Villa Caro	54871	FALSE	2021-12-31
villa-del-rosario	Villa del Rosario	54874	FALSE	2021-12-31
mocoa	Mocoa	86001	FALSE	2021-12-31
colon-put	Colón	86219	FALSE	2021-12-31
orito	Orito	86320	FALSE	2021-12-31
puerto-asis	Puerto Asís	86568	FALSE	2021-12-31
puerto-caicedo	Puerto Caicedo	86569	FALSE	2021-12-31
puerto-guzman	Puerto Guzmán	86571	FALSE	2021-12-31
puerto-leguizamo	Puerto Leguízamo	86573	FALSE	2021-12-31
sibundoy	Sibundoy	86749	FALSE	2021-12-31
san-francisco-put	San Francisco	86755	FALSE	2021-12-31
san-miguel-put	San Miguel	86757	FALSE	2021-12-31
santiago-put	Santiago	86760	FALSE	2021-12-31
valle-del-guamuez	Valle del Guamuez	86865	FALSE	2021-12-31
villagarzon	Villagarzón	86885	FALSE	2021-12-31
armenia-qui	Armenia	63001	FALSE	2021-12-31
buenavista-qui	Buenavista	63111	FALSE	2021-12-31
calarca	Calarcá	63130	FALSE	2021-12-31
circasia	Circasia	63190	FALSE	2021-12-31
cordoba-qui	Córdoba	63212	FALSE	2021-12-31
filandia	Filandia	63272	FALSE	2021-12-31
genova	Génova	63302	FALSE	2021-12-31
la-tebaida	La Tebaida	63401	FALSE	2021-12-31
montenegro	Montenegro	63470	FALSE	2021-12-31
pijao	Pijao	63548	FALSE	2021-12-31
quimbaya	Quimbaya	63594	FALSE	2021-12-31
salento	Salento	63690	FALSE	2021-12-31
pereira	Pereira	66001	FALSE	2021-12-31
apia	Apía	66045	FALSE	2021-12-31
balboa-ris	Balboa	66075	FALSE	2021-12-31
belen-de-umbria	Belén de Umbría	66088	FALSE	2021-12-31
dosquebradas	Dosquebradas	66170	FALSE	2021-12-31
guatica	Guática	66318	FALSE	2021-12-31
la-celia	La Celia	66383	FALSE	2021-12-31
la-virginia	La Virginia	66400	FALSE	2021-12-31
marsella	Marsella	66440	FALSE	2021-12-31
mistrato	Mistrató	66456	FALSE	2021-12-31
pueblo-rico	Pueblo Rico	66572	FALSE	2021-12-31
quinchia	Quinchía	66594	FALSE	2021-12-31
santa-rosa-de-cabal	Santa Rosa de Cabal	66682	FALSE	2021-12-31
santuario	Santuario	66687	FALSE	2021-12-31
bucaramanga	Bucaramanga	68001	FALSE	2021-12-31
aguada	Aguada	68013	FALSE	2021-12-31
albania-san	Albania	68020	FALSE	2021-12-31
aratoca	Aratoca	68051	FALSE	2021-12-31
barbosa-san	Barbosa	68077	FALSE	2021-12-31
barichara	Barichara	68079	FALSE	2021-12-31
barrancabermeja	Barrancabermeja	68081	FALSE	2021-12-31
betulia-san	Betulia	68092	FALSE	2021-12-31
bolivar-san	Bolívar	68101	FALSE	2021-12-31
cabrera-san	Cabrera	68121	FALSE	2021-12-31
california	California	68132	FALSE	2021-12-31
capitanejo	Capitanejo	68147	FALSE	2021-12-31
carcasi	Carcasí	68152	FALSE	2021-12-31
cepita	Cepitá	68160	FALSE	2021-12-31
cerrito	Cerrito	68162	FALSE	2021-12-31
charala	Charalá	68167	FALSE	2021-12-31
charta	Charta	68169	FALSE	2021-12-31
chima-san	Chima	68176	FALSE	2021-12-31
chipata	Chipatá	68179	FALSE	2021-12-31
cimitarra	Cimitarra	68190	FALSE	2021-12-31
concepcion-san	Concepción	68207	FALSE	2021-12-31
confines	Confines	68209	FALSE	2021-12-31
contratacion	Contratación	68211	FALSE	2021-12-31
coromoro	Coromoro	68217	FALSE	2021-12-31
curiti	Curití	68229	FALSE	2021-12-31
el-carmen-de-chucuri	El Carmen de Chucurí	68235	FALSE	2021-12-31
el-guacamayo	El Guacamayo	68245	FALSE	2021-12-31
el-penon-san	El Peñón	68250	FALSE	2021-12-31
el-playon	El Playón	68255	FALSE	2021-12-31
encino	Encino	68264	FALSE	2021-12-31
enciso	Enciso	68266	FALSE	2021-12-31
florian	Florián	68271	FALSE	2021-12-31
floridablanca	Floridablanca	68276	FALSE	2021-12-31
galan	Galán	68296	FALSE	2021-12-31
gambita	Gámbita	68298	FALSE	2021-12-31
giron	Girón	68307	FALSE	2021-12-31
guaca	Guaca	68318	FALSE	2021-12-31
guadalupe-san	Guadalupe	68320	FALSE	2021-12-31
guapota	Guapotá	68322	FALSE	2021-12-31
guavata	Guavatá	68324	FALSE	2021-12-31
guepsa	Güepsa	68327	FALSE	2021-12-31
hato	Hato	68344	FALSE	2021-12-31
jesus-maria	Jesús María	68368	FALSE	2021-12-31
jordan	Jordán	68370	FALSE	2021-12-31
la-belleza	La Belleza	68377	FALSE	2021-12-31
landazuri	Landázuri	68385	FALSE	2021-12-31
la-paz-san	La Paz	68397	FALSE	2021-12-31
lebrija	Lebrija	68406	FALSE	2021-12-31
los-santos	Los Santos	68418	FALSE	2021-12-31
macaravita	Macaravita	68425	FALSE	2021-12-31
malaga	Málaga	68432	FALSE	2021-12-31
matanza	Matanza	68444	FALSE	2021-12-31
mogotes	Mogotes	68464	FALSE	2021-12-31
molagavita	Molagavita	68468	FALSE	2021-12-31
ocamonte	Ocamonte	68498	FALSE	2021-12-31
oiba	Oiba	68500	FALSE	2021-12-31
onzaga	Onzaga	68502	FALSE	2021-12-31
palmar	Palmar	68522	FALSE	2021-12-31
palmas-del-socorro	Palmas del Socorro	68524	FALSE	2021-12-31
paramo	Páramo	68533	FALSE	2021-12-31
piedecuesta	Piedecuesta	68547	FALSE	2021-12-31
pinchote	Pinchote	68549	FALSE	2021-12-31
puente-nacional	Puente Nacional	68572	FALSE	2021-12-31
puerto-parra	Puerto Parra	68573	FALSE	2021-12-31
puerto-wilches	Puerto Wilches	68575	FALSE	2021-12-31
rionegro-san	Rionegro	68615	FALSE	2021-12-31
sabana-de-torres	Sabana de Torres	68655	FALSE	2021-12-31
san-andres-san	San Andrés	68669	FALSE	2021-12-31
san-benito	San Benito	68673	FALSE	2021-12-31
san-gil	San Gil	68679	FALSE	2021-12-31
san-joaquin	San Joaquín	68682	FALSE	2021-12-31
san-jose-de-miranda	San José de Miranda	68684	FALSE	2021-12-31
san-miguel-san	San Miguel	68686	FALSE	2021-12-31
san-vicente-de-chucuri	San Vicente de Chucurí	68689	FALSE	2021-12-31
santa-barbara-san	Santa Bárbara	68705	FALSE	2021-12-31
santa-helena-del-opon	Santa Helena del Opón	68720	FALSE	2021-12-31
simacota	Simacota	68745	FALSE	2021-12-31
socorro	Socorro	68755	FALSE	2021-12-31
suaita	Suaita	68770	FALSE	2021-12-31
sucre-san	Sucre	68773	FALSE	2021-12-31
surata	Suratá	68780	FALSE	2021-12-31
tona	Tona	68820	FALSE	2021-12-31
valle-de-san-jose	Valle de San José	68855	FALSE	2021-12-31
velez	Vélez	68861	FALSE	2021-12-31
vetas	Vetas	68867	FALSE	2021-12-31
villanueva-san	Villanueva	68872	FALSE	2021-12-31
zapatoca	Zapatoca	68895	FALSE	2021-12-31
sincelejo	Sincelejo	70001	FALSE	2021-12-31
buenavista-suc	Buenavista	70110	FALSE	2021-12-31
caimito	Caimito	70124	FALSE	2021-12-31
coloso	Colosó	70204	FALSE	2021-12-31
corozal	Corozal	70215	FALSE	2021-12-31
covenas	Coveñas	70221	TRUE	2021-12-31
chalan	Chalán	70230	FALSE	2021-12-31
el-roble	El Roble	70233	FALSE	2021-12-31
galeras	Galeras	70235	FALSE	2021-12-31
guaranda	Guaranda	70265	FALSE	2021-12-31
la-union-suc	La Unión	70400	FALSE	2021-12-31
los-palmitos	Los Palmitos	70418	FALSE	2021-12-31
majagual	Majagual	70429	FALSE	2021-12-31
morroa	Morroa	70473	FALSE	2021-12-31
ovejas	Ovejas	70508	FALSE	2021-12-31
palmito	Palmito	70523	FALSE	2021-12-31
sampues	Sampués	70670	FALSE	2021-12-31
san-benito-abad	San Benito Abad	70678	FALSE	2021-12-31
san-juan-de-betulia	San Juan de Betulia	70702	FALSE	2021-12-31
san-marcos	San Marcos	70708	FALSE	2021-12-31
san-onofre	San Onofre	70713	TRUE	2021-12-31
san-pedro-suc	San Pedro	70717	FALSE	2021-12-31
san-luis-de-since	San Luis de Sincé	70742	FALSE	2021-12-31
sucre-suc	Sucre	70771	FALSE	2021-12-31
santiago-de-tolu	Santiago de Tolú	70820	TRUE	2021-12-31
san-jose-de-toluviejo	San José de Toluviejo	70823	FALSE	2021-12-31
ibague	Ibagué	73001	FALSE	2022-07-13
alpujarra	Alpujarra	73024	FALSE	2022-07-13
alvarado	Alvarado	73026	FALSE	2022-07-13
ambalema	Ambalema	73030	FALSE	2022-07-13
anzoategui	Anzoátegui	73043	FALSE	2022-07-13
armero	Armero	73055	FALSE	2022-07-13
ataco	Ataco	73067	FALSE	2022-07-13
cajamarca	Cajamarca	73124	FALSE	2022-07-13
carmen-de-apicala	Carmen de Apicalá	73148	FALSE	2022-07-13
casabianca	Casabianca	73152	FALSE	2022-07-13
chaparral	Chaparral	73168	FALSE	2022-07-13
coello	Coello	73200	FALSE	2022-07-13
coyaima	Coyaima	73217	FALSE	2022-07-13
cunday	Cunday	73226	FALSE	2022-07-13
dolores	Dolores	73236	FALSE	2022-07-13
espinal	Espinal	73268	FALSE	2022-07-13
falan	Falan	73270	FALSE	2022-07-13
flandes	Flandes	73275	FALSE	2022-07-13
fresno	Fresno	73283	FALSE	2022-07-13
guamo	Guamo	73319	FALSE	2022-07-13
herveo	Herveo	73347	FALSE	2022-07-13
honda	Honda	73349	FALSE	2022-07-13
icononzo	Icononzo	73352	FALSE	2022-07-13
lerida	Lérida	73408	FALSE	2022-07-13
libano	Líbano	73411	FALSE	2022-07-13
san-sebastian-de-mariquita	San Sebastián de Mariquita	73443	FALSE	2022-07-13
melgar	Melgar	73449	FALSE	2022-07-13
murillo	Murillo	73461	FALSE	2022-07-13
natagaima	Natagaima	73483	FALSE	2022-07-13
ortega	Ortega	73504	FALSE	2022-07-13
palocabildo	Palocabildo	73520	FALSE	2022-07-13
piedras	Piedras	73547	FALSE	2022-07-13
planadas	Planadas	73555	FALSE	2022-07-13
prado	Prado	73563	FALSE	2022-07-13
purificacion	Purificación	73585	FALSE	2022-07-13
rioblanco	Rioblanco	73616	FALSE	2022-07-13
roncesvalles	Roncesvalles	73622	FALSE	2022-07-13
rovira	Rovira	73624	FALSE	2022-07-13
saldana	Saldaña	73671	FALSE	2022-07-13
san-antonio	San Antonio	73675	FALSE	2022-07-13
san-luis-tol	San Luis	73678	FALSE	2022-07-13
santa-isabel	Santa Isabel	73686	FALSE	2022-07-13
suarez-tol	Suárez	73770	FALSE	2022-07-13
valle-de-san-juan	Valle de San Juan	73854	FALSE	2022-07-13
venadillo	Venadillo	73861	FALSE	2022-07-13
villahermosa	Villahermosa	73870	FALSE	2022-07-13
villarrica	Villarrica	73873	FALSE	2022-07-13
cali	Cali	76001	FALSE	2021-12-31
alcala	Alcalá	76020	FALSE	2021-12-31
andalucia	Andalucía	76036	FALSE	2021-12-31
ansermanuevo	Ansermanuevo	76041	FALSE	2021-12-31
argelia-vac	Argelia	76054	FALSE	2021-12-31
bolivar-vac	Bolívar	76100	FALSE	2021-12-31
buenaventura	Buenaventura	76109	TRUE	2021-12-31
guadalajara-de-buga	Guadalajara de Buga	76111	FALSE	2021-12-31
bugalagrande	Bugalagrande	76113	FALSE	2021-12-31
caicedonia	Caicedonia	76122	FALSE	2021-12-31
calima	Calima	76126	FALSE	2021-12-31
candelaria-vac	Candelaria	76130	FALSE	2021-12-31
cartago	Cartago	76147	FALSE	2021-12-31
dagua	Dagua	76233	FALSE	2021-12-31
el-aguila	El Águila	76243	FALSE	2021-12-31
el-cairo	El Cairo	7624	FALSE	2021-12-31
el-cerrito	El Cerrito	76248	FALSE	2021-12-31
el-dovio	El Dovio	76250	FALSE	2021-12-31
florida	Florida	76275	FALSE	2021-12-31
ginebra	Ginebra	76306	FALSE	2021-12-31
guacari	Guacarí	76318	FALSE	2021-12-31
jamundi	Jamundí	76364	FALSE	2021-12-31
la-cumbre	La Cumbre	76377	FALSE	2021-12-31
la-union-vac	La Unión	76400	FALSE	2021-12-31
la-victoria-vac	La Victoria	76403	FALSE	2021-12-31
obando	Obando	76497	FALSE	2021-12-31
palmira	Palmira	76520	FALSE	2021-12-31
pradera	Pradera	76563	FALSE	2021-12-31
restrepo-vac	Restrepo	76606	FALSE	2021-12-31
riofrio	Riofrío	76616	FALSE	2021-12-31
roldanillo	Roldanillo	76622	FALSE	2021-12-31
san-pedro-vac	San Pedro	76670	FALSE	2021-12-31
sevilla	Sevilla	76736	FALSE	2021-12-31
toro	Toro	76823	FALSE	2021-12-31
trujillo	Trujillo	76828	FALSE	2021-12-31
tulua	Tuluá	76834	FALSE	2021-12-31
ulloa	Ulloa	76845	FALSE	2021-12-31
versalles	Versalles	76863	FALSE	2021-12-31
vijes	Vijes	76869	FALSE	2021-12-31
yotoco	Yotoco	76890	FALSE	2021-12-31
yumbo	Yumbo	76892	FALSE	2021-12-31
zarzal	Zarzal	76895	FALSE	2021-12-31
mitu	Mitú	97001	FALSE	2021-12-31
caruru	Carurú	97161	FALSE	2021-12-31
taraira	Taraira	97666	FALSE	2021-12-31
puerto-carreno	Puerto Carreño	99001	FALSE	2021-12-31
la-primavera	La Primavera	99524	FALSE	2021-12-31
santa-rosalia	Santa Rosalía	99624	FALSE	2021-12-31
cumaribo	Cumaribo	99773	FALSE	2021-12-31
sabanalarga-atl	Sabanalarga	08638	FALSE	2021-12-31
san-felipe	San Felipe	94883	FALSE	2021-12-31
puerto-colombia-gua	Puerto Colombia	94884	FALSE	2021-12-31
la-guadalupe	La Guadalupe	94885	FALSE	2021-12-31
cacahual	Cacahual	94886	FALSE	2021-12-31
pana-pana	Pana Pana	94887	FALSE	2021-12-31
morichal	Morichal	94888	FALSE	2021-12-31
pacoa	Pacoa	97511	FALSE	2021-12-31
papunahua	Papunahua	97777	FALSE	2021-12-31
yavarate	Yavaraté	97889	FALSE	2021-12-31
